<application>
  <component name="CodeFoldingSettings">
    <option name="COLLAPSE_DOC_COMMENTS" value="true" />
  </component>
  <component name="JSCodeFoldingSettings">
    <option name="collapseArrayLiterals" value="true" />
    <option name="collapseObjectLiterals" value="true" />
    <option name="COLLAPSE_OBJECT_LITERALS" value="true" />
    <option name="COLLAPSE_ARRAY_LITERALS" value="true" />
  </component>
  <component name="XmlFoldingSettings">
    <option name="COLLAPSE_XML_TAGS" value="true" />
  </component>
</application>